id,dateKey,hora,desc,cat,project,client,status,priority,dur,durSec,tags,rework,obs,notes,sw
s464,2026-07-04,04:30,"Sesion: vaciado total de 4 meses de actividad al tracker — recopilacion de 1389 commits git (dedup), 47 actividades de diarios, generacion de dump JSON/CSV cronologia inversa",Documentacion,Victor IA Tracker,Victor IA,Completado,Alta,2.0,7200,tracker|backfill|git|documentacion,0,116 entradas git + 47 diario + 1 sesion = 164 total,,claude-code|git|powershell|python
s463,2026-07-04,03:07,"[12 commits] fix: HTTP 200 en /, remover tracker-auth-integration.js fantasma, FAB sobre banner PWA | fix: ripple effect rompia position:fixed del FAB Estudio IA (desaparecia fuera del viewport) | fix(chat): biblioteca auto-reconcilia videos atascados en Procesando | fix: FAB (botón flotante) ahora SIEMPRE permanece visible | refactor: Custom emoji UI + Biblioteca improvements | feat(tracker): ...",Feature,Victor IA Tracker,Victor IA,Completado,Alta,3.12,11232,fix|feat|refactor|chat|biblioteca|fab,0,Agregado de 12 commits git (00:15-03:07),feat: botón flotante Estudio IA que abre el chat completo (/chat) en modal; fix: excluir rutas limpias (chat/asistente/ide/login) del redirect 404 en vercel.json; feat: Rediseño chat ASISTENTE VICTOR IA como IDE integrado (VS Code style); feat(biblioteca): 4 botones (descargar/compartir/recrear/elim,vscode|git|powershell
s462,2026-07-04,03:05,[7 commits] feat: Update all 'Iniciar sesión' CTAs to point to tracker.victor-ia.xyz | fix: Make cover images visible in blog index (absolute paths + visibility CSS) | fix: corrige typo 'PDFix' en título del modal de captura del blog (135 artículos) | feat: Victor IA branded popup + real PDF guide + visible covers | feat: JS fallback para portadas + links internos subrayados faltantes en 137 ar...,Bug Fix,Victor IA Website,Victor IA,Completado,Media,3.03,10908,fix|feat|ui,0,Agregado de 7 commits git (00:18-03:05),fix: Lenis smooth scroll on all main pages + guard null hdr JS error across blog articles,vscode|git|powershell
s461,2026-07-03,23:46,[13 commits] polish: Biblioteca — etiqueta 'voice' y fallback para acciones desconocidas (evita 'undefined' en cabeceras de la galeria) | fix: /api/library quita columna uuid inexistente en tracker_results (fix HTTP 400) | fix: /api/library usa REST directo de Supabase (SUPABASE_SERVICE_KEY) en vez de @supabase/supabase-js no instalado — arregla HTTP 500 de la galeria Biblioteca | fix: vercel.j...,Bug Fix,Victor IA Tracker,Victor IA,Completado,Alta,5.15,18540,fix|feat|deploy|biblioteca|supabase|auth,0,Agregado de 13 commits git (18:52-23:46),fix: Mover testLibreria fuera de init() para que esté siempre disponible en scope global; debug: Agregar función testLibreria para debuggear directamente; fix: Simplificar onclick del botón Biblioteca para que funcione correctamente; debug: Agregar logs y mejorar visualización de errores en renderLi,vscode|git|powershell
s460,2026-07-03,23:28,"[13 commits] feat: Popup scroll/exit-intent + Victor IA styling + verify linkbuildings | feat: Complete blog with visible linkbuilding, Lenis scroll, internal content links | fix: Rewrite extension-less /blog/:slug to .html so internal linkbuilding links resolve (no 404s) | fix: Add visible cover images to all articles + verify linkbuilding (internal+external) with correct URLs | feat: Apply fu...",Bug Fix,Victor IA Website,Victor IA,Completado,Alta,10.0,36000,fix|feat|deploy|seo|ui,0,Agregado de 13 commits git (13:20-23:28),"fix: Complete visual fix - linkbuilding, SVG, images all visible; fix: Restore all SVG animations, fix image paths, repair JavaScript truncation - all 135 articles; feat: Add SVG animations to blog articles; fix(blog): create missing SVG animation layer (fixes 272 404s + animates inline charts); seo",vscode|git|powershell
s459,2026-07-02,14:30,Workflow N8N imagen (Higgsfield -> Supabase) + generadores ElevenLabs/OpenRouter configurados y probados en vivo,Contenido,Victor IA Tracker,Victor IA,Completado,Alta,2.0,7200,elevenlabs|higgsfield|n8n,0,Fuente: diario de memoria,,higgsfield|elevenlabs
s458,2026-07-02,14:00,Sistema de 6 CTAs de generacion de contenido (imagen/video/presentacion/web/voz/capacitacion) testeado end-to-end y deployado a produccion en tracker.victor-ia.xyz,Deploy,Victor IA Tracker,Victor IA,Completado,Alta,1.0,3600,video|voz|deploy,1,Fuente: diario de memoria | posible solape con commits git mismo dia/proyecto,,vscode|git|powershell
s457,2026-07-02,10:30,"[17 commits] feat: rebuild blog index with all 136 articles, spotlight marble effect, 10 categories | fix(blog): remove duplicate covers/covers subfolder (137 unused files) | feat: rebuild blog with exact brand design match - 135 articles with perfect styling | fix(blog): reemplazar articulos incompletos con versiones completas + covers | feat: activate footer links - move legal pages to root, ...",Feature,Victor IA Website,Victor IA,Completado,Alta,10.0,36000,fix|feat|ui,0,Agregado de 17 commits git (00:18-10:30),"feat: update footer on all slugs - 4 column responsive layout with correct links; fix: correct image paths and loading for blog covers; feat: add article cover images to blog cards; feat: complete blog rebuild with 135+ articles, exact design match, footer 3-col; feat: rebuild blog index with spotli",vscode|git|powershell
s456,2026-07-02,02:54,"[9 commits] docs: registro s146 sistema generacion contenido 6 CTAs - Sesion 2026-07-02 | feat: poller de biblioteca completa cover/hero de presentacion+web+capacitacion al terminar el render (preserva result_type) | fix: video CTA - subir cap del frame origen a 42s y conservar request_id si no termina | feat: los 6 CTAs generan activos reales (video, presentacion, web, capacitacion) | fix: gen...",Bug Fix,Victor IA Tracker,Victor IA,Completado,Media,2.28,8208,fix|feat|docs|biblioteca|supabase,0,Agregado de 9 commits git (00:52-02:54),fix: URL Supabase correcta; fix: biblioteca; fix: biblioteca muestra imágenes correctamente,vscode|git|powershell
s455,2026-07-01,23:38,"[6 commits] trigger: force Vercel redeploy | feat: restore original design with hover library background effect and correct copy | restore: recover previous version from stash (before git connection) | Revert ""revert: restore previous hero version with 150 agents messaging"" | revert: restore previous hero version with 150 agents messaging | chore: Force cache clear for rewrite",Deploy,Victor IA Website,Victor IA,Completado,Media,10.0,36000,feat|deploy,0,Agregado de 6 commits git (00:40-23:38),,vscode|git|powershell
s454,2026-07-01,20:42,[27 commits] fix: ConvAI conexion garantizada (escalera webrtc/websocket + mic release + SDK 1.14) | fix: versión específica del SDK y mejorar manejo de conexión ConvAI | fix: arreglar conexión del widget ConvAI - usar dominio actual en lugar de vtc-capacitacion-deploy | restore: video player fix (029e2d45) | restore: complete rewrite with sidebar Victor (c38a30b0) | restore: hamburger menu + V...,Bug Fix,VTC Capacitacion,Victor IA,Completado,Alta,10.0,36000,fix|feat|refactor|deploy|chat|ui,0,Agregado de 27 commits git (00:29-20:42),restore: correct version from 83cd3c04; restore: simplify video player (07d73bd4); restore: URLs absolutas para videos (3f586f5f); restore: mobile menu navigation version (16c02d20); restore: original capacitacion.html with sidebar menu (db97425b); restore: oldest stable capacitacion.html (8fd15d2b),vscode|git|powershell
s453,2026-06-30,16:17,[35 commits] trigger: Force Vercel redeploy after connecting to victor-ia-home | feat: Add Vercel rewrites for capacitacion-timeshare slug - final solution | feat: VTC at super-short name | feat: VTC capacitación embedded in iframe at victor-ia-website.vercel.app/vtc/ | feat: VTC capacitación at /vtc/ route | fix: Disable cleanUrls to serve capacitacion.html directly,Deploy,Victor IA Website,Victor IA,Completado,Alta,4.67,16812,fix|feat|deploy,0,Agregado de 35 commits git (14:03-16:17),feat: VTC capacitación available at victor-ia-website.vercel.app/capacitacion.html; feat: VTC capacitación fully functional at victor-ia.xyz/archive/capacitacion-timeshare.html; feat: Mount VTC capacitacion at victor-ia.xyz/archive/capacitacion-timeshare.html; fix: Add Vercel redirects for capacitac,vscode|git|powershell
s452,2026-06-27,23:58,[4 commits] chore: Trigger Vercel redeploy | chore: Remove temporary test files | test: Unique test file for Vercel verification 1782541007 | chore: Force Vercel rebuild Sat Jun 27 01:13:16 HEM 2026,Deploy,Victor IA Website,Victor IA,Completado,Media,10.0,36000,deploy|ui,0,Agregado de 4 commits git (01:13-23:58),,vscode|git|powershell
s451,2026-06-26,23:20,[9 commits] feat: Add WhatsApp contact link (wa.me/5219842353159) to CTAs | Recreate como-funciona.html without CTA | Delete como-funciona.html to force rebuild | FINAL TEST: Radical change to verify rebuild | chore: Trigger full Vercel rebuild Fri Jun 26 23:08:42 HEM 2026 | DEBUG: Force real rebuild test,UI/UX,Victor IA Website,Victor IA,Completado,Media,4.73,17028,feat|deploy|ui,0,Agregado de 9 commits git (18:51-23:20),Rebuild trigger; chore: Force Vercel redeploy to clear cache; Remove 'Hablar con un especialista' CTAs,vscode|git|powershell
s450,2026-06-26,13:32,[1 commits] docs: backfill 50 sesiones de chat reales (29-abr a 17-jun) en SEED - registro completo de actividad,Documentacion,Victor IA Tracker,Victor IA,Completado,Normal,0.25,900,docs|chat,0,Agregado de 1 commits git (13:32-13:32),,vscode|git|powershell
s449,2026-06-25,21:10,"[8 commits] fix: agregar redirecciones simples /propuesta a HTML | feat: agregar propuesta a raiz del sitio para acceso directo | feat: propuesta clean html - encoding utf8 puro, responsive, sin caracteres especiales rotos | feat: agregar favicon, metadescripción SEO completa y open graph tags | feat: agregar slug limpio /propuestas/central-alarmas para acceso fácil | refactor: mejorar meta tag...",Feature,Victor IA Website,Victor IA,Completado,Media,1.13,4067,fix|feat|refactor|seo,0,Agregado de 8 commits git (20:17-21:10),fix: agregar propuestas a vercel.json para servir archivos estáticos correctamente; feat: Propuesta Cliente Central de Alarmas - Sistema WhatsApp + Vigilancia + Tracker,vscode|git|powershell
s448,2026-06-25,20:43,[8 commits] fix: apunta auto-logger.ps1 al dominio de producción correcto (tracker.victor-ia.xyz) | feat: Protocolo de Vaciado Total — activity logger automático | fix: reparar SEED corrupto + backfill exhaustivo actividad 18-25 jun (s131-s175) | docs: Registro actividad 18-25 junio en tracker - Sesión 2026-06-25 | fix: video gen ahora retorna request_id de inmediato (cabe en 60s de Vercel); im...,Feature,Victor IA Tracker,Victor IA,Completado,Media,10.0,36000,fix|feat|docs|chat,0,Agregado de 8 commits git (00:29-20:43),feat: functional floating chat with real OpenRouter (Claude Haiku 4.5); feat: convert chat to floating widget with drag support,vscode|git|powershell
s447,2026-06-24,19:32,"[4 commits] feat: redesign chat interface with tracker colors, fullscreen, and minimize/close controls | feat: add professional chat interface with voice support | feat: add /api/email/debug to diagnose env var visibility on Vercel | chore: force Vercel redeploy to register /api/email/test function",Feature,Victor IA Tracker,Victor IA,Completado,Media,3.08,11088,feat|deploy|chat,0,Agregado de 4 commits git (16:42-19:32),,vscode|git|powershell
s446,2026-06-22,21:02,"[6 commits] feat: Complete mobile redesign — new topbar + overlay menu (eliminates all cascading conflicts) | fix: CSS cascade issue — hamburger menu now visible, no horizontal scroll (Opus diagnosis) | feat: Complete mobile redesign with hamburger menu + master responsive CSS (Opus) | fix: Complete mobile responsive fix — dropdown visible, modules no longer cut off (Opus audit) | feat: Full mo...",Feature,Victor IA Tracker,Victor IA,Completado,Media,3.85,13860,fix|feat,0,Agregado de 6 commits git (17:26-21:02),,vscode|git|powershell
s445,2026-06-21,19:29,[10 commits] fix: add data-category to agente-ia-onboarding-clientes card | fix: force redeploy blog index | fix: await Resend send in /api/agenda-confirm (fire-and-forget killed email) | improve: email template with luxury dark design for preparation confirmation | feat: pagina interactiva de preparacion para diagnostico + API de confirmacion | fix: email checkboxes now show ✓ marks + update f...,Bug Fix,Victor IA Website,Victor IA,Completado,Alta,10.0,36000,fix|feat|deploy,0,Agregado de 10 commits git (04:15-19:29),"fix(agenda): send confirmation from verified domain victor-ia.xyz (was unverified .com.mx → 403, prospect got no email); fix: APIs como CommonJS via api/package.json (extensionless functions); fix: evitar loop de redireccion en /preparacion-diagnostico; feat: pagina de preparacion para diagnostico +",vscode|git|powershell
s444,2026-06-21,18:32,"[43 commits] feat: expand frame to cover complete module areas - dashboard, analytics, crm, infra sections fully framed with thick golden border | feat: surgical tour synchronization and premium UX - perfect voice-to-frame timing, smooth transitions, ripple effects, and premium controls | feat: restore tour controls (play, pause, prev, next, stop) with clean UI - golden frame marks each step in...",Bug Fix,Victor IA Tracker,Victor IA,Completado,Alta,10.0,36000,fix|feat|deploy|auth|ui,0,Agregado de 43 commits git (00:04-18:32),"VERIFIED: 33-step tour consolidated and deployed; fix: remove old 21-step tour system, consolidate to ViaTour 33-step complete tour - eliminate conflicts; force: vercel cache bust - deploy 33-step complete tour; fix: remove Google OAuth (redirect_uri_mismatch error), add two login options - email an",vscode|git|powershell
s443,2026-06-20,23:28,"[40 commits] chore: FORCE VERCEL REDEPLOY — Clear CDN cache | fix: CLEAN FIREBASE INIT — Remove duplicate initialization + remove unused Three.js CDN | docs: CONSOLE ERRORS FIXED — Document all fixes (Firebase dup, vi-track.js, CORS) | fix: REMOVE BROKEN REFERENCES — Delete duplicate Firebase SDK + vi-track.js 404 + CORS fetch errors | feat: INFRASTRUCTURE DASHBOARD CSS — Complete styling (620 ...",Deploy,Victor IA Tracker,Victor IA,Completado,Alta,10.0,36000,fix|feat|deploy|docs|supabase|auth,0,Agregado de 40 commits git (00:11-23:28),docs: VERIFY-LIVE — Complete testing guide for live tracker at victor-ia.xyz; feat: PHASE 11 COMPLETE — Mobile PWA (Installable App + Offline + Background Sync); docs: SYSTEM COMPLETE — 🎉 Production-Ready System Summary (10/12 Phases Done); docs: DEPLOY-NOW — Complete 30-minute setup guide (Firebase,vscode|git|powershell
s442,2026-06-20,15:53,[10 commits] fix: ensure converter and calendar always visible with clear text | fix: /api/agenda responde 200 no-bloqueante (emailed flag) | fix: confirmacion de email garantizada en agendar videollamada | feat: add 'Agendar videollamada' CTA to all pages | feat: apply victor-ia.xyz look & feel to booking page | feat: wire agendar-videollamada to n8n webhook (Telegram + email),Feature,Victor IA Website,Victor IA,Completado,Alta,10.0,36000,fix|feat,0,Agregado de 10 commits git (00:12-15:53),"feat: create booking page with calendar and n8n automation; feat: update CTA text to 'Agendar videollamada'; Revert ""feat: apply victor-ia.xyz look & feel to booking page""; feat: agendar-videollamada page wired to n8n booking webhook",vscode|git|powershell
s441,2026-06-19,23:47,"[26 commits] docs: PHASE 9 COMPLETE — PostgreSQL + Clerk Auth + Enterprise Security (System 75% Done) | feat: PHASE 9 ENTERPRISE — PostgreSQL + Clerk Auth + Security Middleware (Complete) | docs: ROADMAP — What's Missing (Phases 9-12) + Priority Matrix | feat: PHASE 8 COMPLETE — Automated Testing + GitHub Actions CI/CD Pipeline (35 tests, 95% coverage) | docs: PHASE 7 COMPLETE — Video Tutorial ...",Documentacion,Victor IA Tracker,Victor IA,Completado,Alta,10.0,36000,fix|feat|deploy|docs|auth|ui,0,Agregado de 26 commits git (00:19-23:47),docs: FINAL SUMMARY — Complete Project Overview (All 6 Phases); feat: PHASE 6 — Historical Analytics with ML Predictions & Trend Analysis; docs: DEPLOYMENT COMPLETE — THE DOOR production system live; feat: Organigrama interactivo con 155 agentes + cadena de mando + matriz decisión; fix: Convert api-,vscode|git|powershell
s440,2026-06-19,18:38,[20 commits] fix(hover): refuerza efectos hover visibles + cache-bust v=fx3 (231 HTML) | fix(anim): resolver conflicto hover/animaciones de texto en todas las páginas | feat: apply animations to all site pages | feat: Effects & Animations system (14 categorias) - animations.css + animations.js integrados en 5 paginas | fix: cache-bust water-trail.js?v=dbase60 across all pages | fix: no-cache he...,Bug Fix,Victor IA Website,Victor IA,Completado,Alta,10.0,36000,fix|feat,0,Agregado de 20 commits git (01:15-18:38),feat: water-trail reveal area doubled + faster return to white; fix: hide orphan bg-marble div so hero starts white (reveal on mouse); fix: canvas reveal cubre 100% pantalla — eliminar canvas duplicados en hero sections; fix: canvas blanco 100% opaco cada frame — imagen solo visible con mouse; fix: ,vscode|git|powershell
s439,2026-06-18,17:51,[16 commits] fix: Replace scroll-behavior:smooth with auto + add Lenis CSS inline | fix: Add Lenis CSS calibration to global styles | feat: Add rewrites for all 21 service page slugs without .html extension | fix: Specify static site build output for Vercel | fix: Disable cleanUrls to serve .html files directly | fix: Add service page slugs to vercel.json rewrite exclusion,Bug Fix,Victor IA Website,Victor IA,Completado,Alta,10.0,36000,fix|feat|ui,0,Agregado de 16 commits git (00:19-17:51),"feat: Add centralized Lenis Apple config for all pages; fix: login redirect to tracker.victor-ia.xyz instead of dashboard; feat: create dashboard with generation buttons (Image, Video, Presentation, Web, Voice) + update login redirect; fix: cursor custom visible siempre en todas las slugs; feat: add",vscode|git|powershell
s438,2026-06-18,15:26,[16 commits] docs: formalize mandatory activity dump protocol - all activity VSC + tracker registered | docs: registro sesion s117-s125 - Sesion 2026-06-18 | docs: protocolo obligatorio registro tracker + entrada s117 - Sesion 2026-06-18 | feat(tracker): registrar 19 actividades de madrugada (s098-s116) | docs: add 12 activity entries to tracker bitacora for 2026-06-17/18 session (website redes...,Bug Fix,Victor IA Tracker,Victor IA,Completado,Alta,10.0,36000,fix|feat|deploy|docs|ui,0,Agregado de 16 commits git (01:41-15:26),"fix: bump Service Worker to vit-v4 — fuerza recarga del caché; feat: restore and perfectly arrange ACCIONES IA bar with 8 buttons - no duplicates, no overlap; fix: no-cache header for sw.js + vit-v3 cache name to force SW refresh on all clients; fix: force Vercel CDN cache bust - redeploy sw.js vit-",vscode|git|powershell
s437,2026-06-17,23:51,"[17 commits] fix: eliminate duplicate guide from blog index, keep only official guide | fix: convert blog to white/black minimalista + ensure cover images on all articles | fix: standardize fonts across Victor IA marketing slugs - same 3 fonts everywhere | fix: standardize visual style - all footer slugs now visually identical | style: forzar tema 100% blanco/negro en todos los slugs del sitio ...",Bug Fix,Victor IA Website,Victor IA,Completado,Alta,10.0,36000,fix|feat|ui,0,Agregado de 17 commits git (02:28-23:51),fix: standardize all 6 pages - identical headers + perfect white/black content; fix: use exact same <head> and header HTML/CSS from index.html - perfect consistency; fix: remove active starfield canvas from agentes.html - match index.html white/black theme exactly; feat: convert all pages to 100% wh,vscode|git|powershell
s436,2026-06-16,19:28,[2 commits] Update N8N webhook URL in notifyN8n function | feat: add complete asset library with webhook integration,Feature,Victor IA Tracker,Victor IA,Completado,Normal,7.47,26892,feat,0,Agregado de 2 commits git (12:15-19:28),,vscode|git|powershell
s435,2026-06-15,20:23,"[11 commits] fix: Remove Dashboard button from Quick Actions panel | fix: Remove deprecated 'public' property from vercel.json | feat: Add 8 visible Quick Actions IA panel to tracker | feat: add multi-tenancy with org_id foundation | docs: Add comprehensive setup guide for Supabase + Cloudinary configuration | feat: Complete Supabase + Cloudinary integration - auth, library with real storage, s...",Feature,Victor IA Tracker,Victor IA,Completado,Alta,2.4,8640,fix|feat|docs|supabase|auth|ui,0,Agregado de 11 commits git (18:14-20:23),"feat: Complete library system - store, organize, and download all generated assets; feat: Multi-language voice input, complete file upload (all types), URL references, and enhanced UI; feat: Presentation popup with conditional fields - aspect ratio, output format, visual style, and HyperFrames video",vscode|git|powershell
s434,2026-06-15,17:29,[1 commits] feat: Agrega 8 botones de Acciones Rapidas al home del Brain Tracker,Feature,Victor IA Brain Tracker,Victor IA,Completado,Normal,0.25,900,feat,0,Agregado de 1 commits git (17:29-17:29),,vscode|git|powershell
s433,2026-06-15,16:51,"[26 commits] feat: Integrate studio into tracker (create from tracker without losing existing features) | fix: Align route.ts Supabase insert with SQL schema column names | feat: Add /studio module — /api/create endpoint + Supabase schema | feat: Integrate Victor Icons system (40 proprietary icons) in app and website | chore: Clean test files, fix middleware for production | fix: middleware blo...",Bug Fix,Victor IA App,Victor IA,Completado,Alta,10.0,36000,fix|feat|deploy|supabase|ui,0,Agregado de 26 commits git (00:02-16:51),"fix: Pre-deploy blockers - public folder, BOM, WEBHOOK_SECRET; fix: Add API health endpoint to verify deployment; fix: Correct React component syntax for test page; fix: Remove CSP header to unblock deployment; test: Simple page to verify deployment; test: Add public status page to verify app is liv",vscode|git|powershell
s432,2026-06-15,16:44,"[7 commits] feat: Complete 'cómo funciona' page explaining full ecosystem | chore: Suspend non-approved slugs, keep only 6 active pages | feat: Add /studio page with 8 action popups for real content generation | feat: Integrate Victor Icons system (40 proprietary icons) in website | chore: force vercel rebuild for white-first theme | feat: Align website typography with app (Plus Jakarta Sans + ...",Feature,Victor IA Website,Victor IA,Completado,Media,10.0,36000,feat|ui,0,Agregado de 7 commits git (00:49-16:44),feat: Whiteminimal design for website homepage,vscode|git|powershell
s431,2026-06-15,00:43,[1 commits] feat: Implement whiteminimal design (step 1) - consolidate app tokens,Feature,Dashboard BI,Victor IA,Completado,Normal,0.25,900,feat,0,Agregado de 1 commits git (00:43-00:43),,vscode|git|powershell
s430,2026-06-14,14:29,[21 commits] chore: Force Vercel to rebuild and apply CSP middleware | chore: Force Vercel redeploy - agents dashboard 155 agents | refactor: Replace agents page with 155-agent dashboard using AgentsGrid | fix: Remove UTF-8 BOM from dashboard layout | fix: Relax CSP to allow Google Fonts and Clerk workers | chore: Force Vercel rebuild - agents dashboard,UI/UX,Victor IA App,Victor IA,Completado,Alta,10.0,36000,fix|feat|refactor|deploy|auth|ui,0,Agregado de 21 commits git (00:11-14:29),feat: Complete redesign - 155 agents dashboard with categories; feat: Redesign dashboard with sidebar layout + metrics + charts; force: Trigger Vercel rebuild; refactor: Transform agents dashboard to pixel-perfect light mode minimal design with enterprise aesthetics; refactor: complete agents dashbo,vscode|git|powershell
s429,2026-06-13,23:58,[16 commits] feat: Agregar 163 agentes especializados en dashboard | feat: Web 4.0 Transformation Complete — All 6 Turos | fix: Prevent Stripe build crash on Vercel when STRIPE_SECRET_KEY unset | fix: Strip BOM from vercel.json + remove Node 18.x pin (Next 16 needs Node 20+) | fix: Remove invalid env array from vercel.json (BOM + schema issue) and clean up backup files | fix: Resolve 7 build er...,Feature,Victor IA App,Victor IA,Completado,Alta,10.0,36000,fix|feat|deploy|docs|auth|ui,0,Agregado de 16 commits git (13:52-23:58),"feat: Add Phases 2-4 (Voice, Finance, CRM, Activity) + Graphify; fix: configure Clerk middleware correctly for sign-in redirection; docs: Add Clerk auth setup verification and troubleshooting guide; docs: Add production deployment verification and automated test suite; chore: apply comprehensive sec",vscode|git|powershell
s428,2026-06-13,15:18,[7 commits] docs: Add comprehensive security documentation and usage examples | feat: Implement centralized API security with Zod validation and bearer tokens | fix: exclude test infra from Next build type-check to unblock production build | docs: Add TDD deliverable summary | feat: TDD suite for 5 API endpoints with 25+ test cases | fix: token data sync + security audit compliance,Feature,Dashboard BI,Victor IA,Completado,Media,10.0,36000,fix|feat|docs|ui,0,Agregado de 7 commits git (02:37-15:18),security: Add CSP and security headers (OWASP audit),vscode|git|powershell
s427,2026-06-13,13:22,"[15 commits] fix: Remove functions config, use buildCommand only | fix: Set outputDirectory to public for static file serving | fix: Remove builds config, use default Vercel routing for static files + API | fix: Add explicit route for index.html on root path | fix: Add static file routing for HTML and assets | fix: Simplify Vercel config with builds pattern, revert to Node 24.x",Bug Fix,Seabird Hotel,Seabird Ocean Resort,Completado,Alta,9.77,35172,fix|feat|ui,0,Agregado de 15 commits git (03:51-13:22),fix: Use Vercel Node runtime v3; fix: Use Node 20.x and Vercel Node runtime v4.3.0; fix: Change Node.js version to 18.x for Vercel compatibility; fix: Use correct Vercel Node.js runtime format; feat: Add unified API router in api/index.js for handling all endpoints; fix: Update Vercel config with ex,vscode|git|powershell
s426,2026-06-13,12:44,[4 commits] fix: Add static site build config for Vercel deployment | feat: complete security audit + responsive design + accessibility | chore: ignore large video files - use Cloudinary CDN | feat: security + responsive + accessibility complete,Feature,Victor IA Website,Victor IA,Completado,Media,9.05,32580,fix|feat|deploy|ui,0,Agregado de 4 commits git (03:56-12:44),,vscode|git|powershell
s425,2026-06-12,14:41,"[7 commits] feat: Polish phase - Claude API integration, animations, voice improvements, Toast notifications | feat: Implement Phase 3 - Library (tabs, grid, preview) + Advanced Dashboard (KPIs, pipeline, activity) | feat: Implement Phase 2 - Chat with AI, Agents, InputBar with voice, LaserOverlay narrative | feat: Implement Phase 1 Foundation - Design tokens, bottom nav, laser overlay, respons...",Feature,Victor IA App,Victor IA,Completado,Media,10.0,36000,fix|feat|chat,0,Agregado de 7 commits git (00:12-14:41),"feat: Add advanced analytics (ROI, Team, Recommendations) and A/B testing",vscode|git|powershell
s424,2026-06-12,13:22,[5 commits] fix: Arregla estructura de datos mcpData en GraphifyModule | fix: Ensure mcp is always array to prevent render error | fix: Ensure tokens-data.json is included in build | fix: Remove duplicate icon imports in GraphifyModule | feat: Add Graphify module #15 — Token tracking dashboard,Bug Fix,Dashboard BI,Victor IA,Completado,Media,10.0,36000,fix|feat|ui,0,Agregado de 5 commits git (00:36-13:22),,vscode|git|powershell
s423,2026-06-11,16:25,"[20 commits] fix: install missing dependencies and update middleware | docs: Add comprehensive launch checklist with email templates | feat: Launch landing page and deployment checklist - READY FOR PRODUCTION | feat: Round 3 & 4 Complete - Production Ready + Monetization + Responsive | feat: Add advanced features - search, team, templates, billing, activity | feat: Add advanced features - chart...",Feature,Victor IA App,Victor IA,Completado,Alta,10.0,36000,fix|feat|refactor|deploy|docs,0,Agregado de 20 commits git (01:55-16:25),"feat: Add utilities, configuration, tests, and comprehensive documentation; feat: Complete all dashboard pages with full functionality; feat: Complete Victor IA SaaS application structure; feat: Add complete backend stack (18 services, 10 stores, 32 hooks, 15 API routes); feat: Add 10 backend servic",vscode|git|powershell
s422,2026-06-11,12:00,"Test end-to-end de componente TrustBadges con skills inclusivo (WCAG AA), web-4o (React) y pixel-perfecto (8pt grid)",Auditoria,Costa Negra,Costa Negra,Completado,Alta,2.0,7200,,0,Fuente: diario de memoria,,vscode|git|powershell
s421,2026-06-10,23:22,"[17 commits] feat: agregar 2 CTAs abajo de videos - Puerto Aventuras y Pininfarina con links a Google Drive, responsive perfecto para mobile | feat: mover seccion Videos de Muestra al final de la propuesta (antes del footer) | fix: videos con HTML5 video tag directo, URLs correctas de Cloudinary | fix: videos reproducibles con iframe de Cloudinary, 1 por modulo, quitar referencias a jubilados, ...",Feature,Ciudad Mayakoba,Ciudad Mayakoba,Completado,Alta,2.48,8928,fix|feat|seo|ui,0,Agregado de 17 commits git (21:08-23:22),"fix: optimizar mobile vertical - modulos completos sin cortes, overflow-x hidden, animaciones desactivadas en mobile, box-sizing en grids, responsive perfecto sin movimiento; feat: actualizar nav con link a resultados esperados; feat: agregar seccion Expected Outcomes - resultados mes 3/6/9/12, metr",vscode|git|powershell
s420,2026-06-10,23:21,"[41 commits] feat: Complete premium landing with integrations, newsletter, and chatbot | feat: Add premium landing page with complete sections | fix: Blog grid now uses Cloudinary images and correct slug URLs | feat: Add sitemap.xml and robots.txt for Google indexing optimization | Initial commit: 135 blog articles with SEO/GEO/AEO optimization and Cloudinary images | feat: Migrate 135 blog art...",Feature,Victor IA App,Victor IA,Completado,Alta,10.0,36000,fix|feat|refactor|deploy|chat|supabase,0,Agregado de 41 commits git (00:03-23:21),feat: Complete SEO/GEO/AEO optimization for all 135 articles; feat: Add SEO/GEO/AEO audit and Cloudinary image upload tools; fix: Extract and correct 33 missing article titles; feat: Sort blog articles by date (newest first); fix: Clean and validate 135 blog articles; feat: Migrate all 136 blog arti,vscode|git|powershell
s419,2026-06-10,20:08,"[7 commits] fix: Improve canvas sizing with explicit viewport styling and better dimension calculation | fix: Canvas sizing for proper fullscreen Three.js rendering | feat: Three.js 3D agent network with advanced TSL shader, scroll interactivity, and luxury UI | feat: PRODUCTION-READY — Casos, Testimonios, Integraciones, FAQ, Analytics | refactor: Optimizar para nivel award-winning | feat: Agre...",Feature,Victor IA Website,Victor IA,Completado,Media,0.93,3348,fix|feat|refactor|ui,0,Agregado de 7 commits git (19:50-20:08),feat: Victor IA landing unificada con scroll-cinematic hero,vscode|git|powershell
s418,2026-06-09,23:48,"[2 commits] fix: isVoiceSupported is boolean, not function | fix: replace require() with ESM import for framer-motion",Bug Fix,Victor IA App,Victor IA,Completado,Normal,0.62,2232,fix|ui,0,Agregado de 2 commits git (23:26-23:48),,vscode|git|powershell
s417,2026-06-09,15:24,"[2 commits] refactor: Propuesta rediseñada - SIN PRECIOS, enfoque 100% estrategia técnica, flujogramas, roadmap, stack técnico | feat: Propuesta completa GEO/AEO/SEO Ciudad Maya Koba - 5k/mes",Feature,Ciudad Mayakoba,Ciudad Mayakoba,Completado,Normal,0.8,2880,feat|refactor|seo,0,Agregado de 2 commits git (14:51-15:24),,vscode|git|powershell
s416,2026-06-09,12:19,[1 commits] chore: add .gitignore to exclude large video files,Mantenimiento,Victor IA Website,Victor IA,Completado,Normal,0.25,900,,0,Agregado de 1 commits git (12:19-12:19),,vscode|git|powershell
s415,2026-06-09,02:44,[20 commits] fix: Remove duplicate Babylon.js code - keep only Canvas3D implementation | fix: Correct Canvas3D initialization - use offsetWidth/Height and createElement | feat: Replace Babylon.js with working Canvas3D visualization | fix: Add debug logging and timeout to GRAPHIFY 3D initialization | chore: Force cache invalidation and redeploy | feat: Reescribir GRAPHIFY 3D con Babylon.js + Hol...,Documentacion,Victor IA Tracker,Victor IA,Completado,Alta,2.98,10728,fix|feat|deploy|docs|ui,0,Agregado de 20 commits git (00:00-02:44),docs: Add main README for GRAPHIFY 3D dashboard; docs: Add delivery summary for GRAPHIFY 3D dashboard project; docs: Add GRAPHIFY documentation index and navigation guide; docs: Add 20 practical examples for GRAPHIFY 3D dashboard usage; docs: Add comprehensive GRAPHIFY 3D dashboard documentation; fe,vscode|git|powershell
s414,2026-06-08,23:58,"[17 commits] fix: Remove broken inline SVG elements | restore: Revert to previous stable version (ae39d78) | chore: Force Vercel redeploy to clear cache | restore: Keep original desktop design, improve mobile responsiveness | fix: Update tracker with fully responsive design | fix: Remove broken login redirect, grant viewer access by default",Bug Fix,Victor IA Tracker,Victor IA,Completado,Alta,10.0,36000,fix|feat|refactor|deploy|auth|ui,0,Agregado de 17 commits git (12:48-23:58),"fix: Repair blank page — bulletproof auth-guard reveal logic; fix: Add 66 missing CSS classes for premium luxury formatting (IDF, ADF, FL-modal, feed, export); fix: Convert 866 emojis to premium inline SVG icons + repair corrupted harness diagram SVG; feat: Fully responsive design with mobile cards ",vscode|git|powershell
s413,2026-06-08,17:49,[4 commits] feat: Improve blog cards design with premium styling | feat: Ciudad Mayakoba blog v2 - diseño Figma puro | config: Vercel static site configuration | feat: Ciudad Mayakoba blog - bilingue con convertidor,Feature,Ciudad Mayakoba,Ciudad Mayakoba,Completado,Media,1.98,7128,feat,0,Agregado de 4 commits git (16:05-17:49),,vscode|git|powershell
s412,2026-06-08,13:09,[3 commits] feat: Update blog article counter to 135 + integrate auto-counter script | fix: Move daily blog article to featured section - Automatizar Inventario con IA (2026-06-08) | feat: Publish daily blog post - Automatizar Inventario con IA en Retail Mexicano (2026-06-08),Feature,Victor IA Website,Victor IA,Completado,Media,0.4,1440,fix|feat,0,Agregado de 3 commits git (13:00-13:09),,vscode|git|powershell
s411,2026-06-08,11:57,"[6 commits] feat: Complete emoji→SVG conversion (72 más: AGENTES, Publicar, Finanzas, AGENTS, SHARE_CHANNELS, Plans) | EMERGENCY FIX: Arreglar HTML malformado (aria-label sin cerrar + img comillas) + 41 emojis→SVG premium | fix: Close 57 malformed rgba() in styles.css that broke entire layout | fix: Contraste WCAG AAA + avatares premium (iniciales) + sheet modal detail + HTML tags | fix: Arregl...",Bug Fix,Victor IA Brain Tracker,Victor IA,Completado,Media,10.0,36000,fix|feat,0,Agregado de 6 commits git (00:38-11:57),,vscode|git|powershell
s410,2026-06-08,02:27,[17 commits] test: Ultra-minimal rotating cube to isolate Three.js rendering issue | fix: Add nocache query string to force load test script | test: Switch to minimal canvas test to verify rendering works | chore: Force Vercel redeploy v2 | fix: Prevent double INIT_ULTRA execution; force Vercel redeploy | fix: Set canvas intrinsic size before Three.js renderer creation,Bug Fix,Timeshare Platform,Victor IA,Completado,Alta,2.27,8172,fix|feat|deploy,0,Agregado de 17 commits git (00:44-02:27),debug: Add log to verify render frame loop is executing; debug: Add log before Scene creation; fix: Wrap Engine constructor in try-catch to capture init errors; debug: Add detailed logs to trace Engine creation and canvas setup; debug: Add console logs to trace THREE loading and UltraSpectacle init;,vscode|git|powershell
s408,2026-06-07,23:42,"[9 commits] feat: Implement Phase 2 Performance Optimization | feat: Add 29 premium SVG icons to tracker.victor-ia.xyz | feat: Add Harness Architecture diagram to ORGANIGRAMA section | docs: Add navigation index for v1.1 launch and v1.2 roadmap documentation | docs: Add v1.1 launch summary, retrospective, and v1.2 strategic roadmap | docs: Add comprehensive documentation index and navigation guide",Documentacion,Victor IA Tracker,Victor IA,Completado,Media,10.0,36000,feat|docs|ui,0,Agregado de 9 commits git (03:27-23:42),docs: Add 5-minute quick start guide for Analytics Engine; docs: Add Analytics Engine delivery summary; feat: Implement Advanced Analytics Engine v1.1,vscode|git|powershell
s409,2026-06-07,23:42,"[9 commits] feat: Add Three.js 3D background + advanced mouse tracking effects | feat: Add premium animations and interactions | feat: Complete pixel-perfect CSS refinements | feat: Add stats, workflow, and testimonials sections | feat: Replace generic emojis with custom SVG icons | refactor: Complete redesign - landing page with luxury layout",Feature,Timeshare Platform,Victor IA,Completado,Media,10.0,36000,fix|feat|refactor|seo,0,Agregado de 9 commits git (02:10-23:42),"feat: Add landing page improvements - hero section, SEO meta tags, footer; fix: Replace index.html with final.html (v6 with 19 SVG icons, Instrument Serif KPI, motion premium); feat: v6 Awwwards upgrade — 19 custom SVG icons, Instrument Serif KPIs, spring physics motion, zero emojis",vscode|git|powershell
s407,2026-06-07,23:36,[112 commits] docs: Brain Tracker v1.1.0 public launch coordination — COMPLETE | docs: Add Brain Tracker v1.1 launch overview and reference guide | docs: Add complete Operations Handoff package for Brain Tracker v1.1 | feat: Add complete Analytics & KPI Dashboard for Brain Tracker v1.1 | @ feat: Add 24/7 Crash Monitoring + Incident Response System | feat: Add comprehensive feedback collection s...,Feature,Victor IA Brain Tracker,Victor IA,Completado,Alta,10.0,36000,fix|feat|refactor|deploy|docs|chat,0,Agregado de 112 commits git (01:29-23:36),docs: Add Brain Tracker v1.1 launch ready summary; docs: Add Brain Tracker v1.1 public launch coordination documents; docs: Add final submission readiness document for v1.1.0; feat: Prepare Brain Tracker v1.1.0 for App Store submission; docs: Add RC1 deliverables checklist and manifest; docs: Add da,vscode|git|powershell
s406,2026-06-07,15:00,"Materiales de lanzamiento v1.1 completos (marketing, in-app, docs, soporte 8150+ lineas) preparados para go-live del 8 de junio",Documentacion,Victor IA Brain Tracker,Victor IA,Completado,Alta,1.5,5400,,0,Fuente: diario de memoria,,vscode|git|powershell
s405,2026-06-07,12:00,"Analisis estadistico de A/B test Chat UI (500 usuarios, 14 dias): Variante B +87% engagement, recomendacion rollout 100%",Investigacion,Victor IA Brain Tracker,Victor IA,Completado,Alta,1.5,5400,,0,Fuente: diario de memoria,,vscode|git|powershell
s404,2026-06-07,10:00,"Ambiente staging configurado (Vercel Next.js 15, GitHub Actions CI/CD, dominio staging.victor-ia.xyz, docs completas)",Deploy,Victor IA Brain Tracker,Victor IA,Completado,Alta,1.0,3600,vercel,1,Fuente: diario de memoria | posible solape con commits git mismo dia/proyecto,,vscode|git|powershell
s403,2026-06-06,21:04,"[17 commits] V12 Ultimate - Premium SaaS design, stacked layout, todos los 22 módulos perfectamente acomodados | V11 Stacked - Dashboard siempre visible + módulos pegados abajo | chore: V10 actualizado en producción - expandido sin espacios en blanco | V10 Final Expanded - Sin espacios en blanco, todos los módulos completamente llenos de contenido | chore: V9 minificado optimizado - sin espacio...",Feature,Timeshare Platform,Victor IA,Completado,Alta,4.13,14868,feat|docs,0,Agregado de 17 commits git (17:11-21:04),feat: V8 FINAL - Premium SaaS design + 100% functional + responsive; feat: V7 ULTRA — 100% Funcional con State Management; feat: V6 COMPLETE — Software perfecto con todos los módulos; chore: Update final.html to V5 production version; feat: Add V5 with modular tactical hub and Reps module; feat: Add,vscode|git|powershell
s402,2026-06-06,16:00,"Explicaciones tecnicas para depto IT: Harness Engineering, ciberseguridad 3 niveles, costos de implementacion (918k MXN/ano)",Documentacion,Timeshare Platform,Victor IA,Completado,Alta,1.5,5400,,0,Fuente: diario de memoria,,vscode|git|powershell
s401,2026-06-06,14:00,"6 deploys iterativos del landing cube gallery (copy, light mode, H1 FLUJO PERFECTO) a cube-gallery-deploy.vercel.app",Deploy,Timeshare Platform,Victor IA,Completado,Alta,1.0,3600,deploy|vercel,1,Fuente: diario de memoria | posible solape con commits git mismo dia/proyecto,,vscode|git|powershell
s400,2026-06-06,12:00,"Copy de 12 modulos landing timeshare (PNL/neuromarketing, 30 palabras c/u) creado y validado con cliente",Contenido,Timeshare Platform,Victor IA,Completado,Alta,2.0,7200,timeshare,0,Fuente: diario de memoria,,higgsfield|elevenlabs
s399,2026-06-06,03:25,[5 commits] refactor: Update HERO copy to emphasize follow-ups that prevent cancellations - keep 30 words max | refactor: Adjust HERO h1 to fit layout - change CONTROL TOTAL to VICTOR IA and Reverse Creativity to VICTOR IA TIMESHARE | refactor: Optimized HERO module copy with PNL and neuromarketing - VICTOR IA TIMESHARE | trigger: Force Vercel redeploy - VICTOR IA TIMESHARE content update | fea...,Refactoring,Cube Gallery,Victor IA,Completado,Media,1.6,5760,feat|refactor|deploy,0,Agregado de 5 commits git (02:04-03:25),,vscode|git|powershell
s398,2026-06-05,23:44,[57 commits] fix: Regenerate webp images with original JPG colors | trigger: Force Vercel redeploy with Cloudinary URLs | feat: Serve all images from Cloudinary CDN | fix: Use raw.githubusercontent.com (verified working) | fix: Use jsDelivr CDN to serve images from GitHub | fix: Configure Vercel to serve as pure static site,Bug Fix,Cube Gallery,Victor IA,Completado,Alta,10.0,36000,fix|feat|deploy,0,Agregado de 57 commits git (04:13-23:44),fix: Simplify Vercel config to serve all static files; fix: Configure Vercel to serve webp images correctly; fix: Move images to root directory for Vercel static serving; feat: Move images to Vercel CDN + generate dark mode variants; Fix: Add force=true to checkImageSwaps preloads; Fix: Correct IMAG,vscode|git|powershell
s397,2026-06-05,22:57,[11 commits] Add USD currency and amount filters for financial fields | Fix BriefData types and utility functions | Simplify cn utility to remove clsx and tailwind-merge dependencies | Simplify postcss config | Fix tsconfig BOM and update package.json with missing devDependencies | Replace @ alias imports with relative paths for Vercel compatibility,Bug Fix,Timeshare Platform,Victor IA,Completado,Alta,1.77,6372,fix|ui,0,Agregado de 11 commits git (21:26-22:57),"Fix tsconfig baseUrl to use node moduleResolution; Remove duplicate config files (next.config.ts, tailwind.config.ts); Fix TypeScript config and BOM issue in package.json; UI improvement: luxury dark design, perfect form styling, improved home page; Initial commit from Create Next App",vscode|git|powershell
s396,2026-06-05,19:38,"[6 commits] Add cube gallery WebP images | Reescribir todas las páginas (security, help, changelog, settings) con código exacto de patrón establecido | Add 5 new pages: notifications, integrations, security, help, changelog, settings - Complete UI system | Replace with exact design codes from user | Add analytics and reportes pages with luxury dark theme | Initial: setup + login page",UI/UX,VTC Capacitacion,Victor IA,Completado,Media,10.0,36000,ui,0,Agregado de 6 commits git (00:48-19:38),,vscode|git|powershell
s395,2026-06-05,04:09,"[22 commits] Fix TypeScript errors in cube page | Add /preview page with full landing copy layout | Revert to GridRunShader | Add ParadoxScroll - advanced scroll interface with HUD, navigation dots, and GLSL shader background | Improve mouse interactivity - real-time camera control with cursor movement | Replace hero background with GridRun GLSL shader - advanced ray-marched geometry with inter...",UI/UX,Victor IA Tracker,Victor IA,Completado,Alta,2.93,10548,fix|deploy|ui,0,Agregado de 22 commits git (01:31-04:09),Add @ts-ignore to dynamic Three.js imports in GeometricAura; Replace cloth simulation with 3D geometric aura background; Add ClothSimulation physics background - interactive cloth with mouse collider; Add TubesCursor interactive 3D tubes background animation to Hero section; Remove all animations - ,vscode|git|powershell
s394,2026-06-04,21:56,[6 commits] Add Research and Copy tabs to Actividades Repetitivas dashboard with department info | Add automated tasks monitoring API and dashboard - 'Actividades Repetitivas' | Add blog publishing monitor dashboard | Fix blog-status API for Vercel (CommonJS format) | Add blog publishing monitor API endpoint | Initial commit: Victor IA website - Inicio and Cómo Funciona pages,Deploy,Victor IA Website,Victor IA,Completado,Media,10.0,36000,fix,0,Agregado de 6 commits git (00:13-21:56),,vscode|git|powershell
s393,2026-06-04,05:35,[16 commits] Force full rebuild v1.0.1 | Trigger rebuild - timeshare page | Force deploy timeshare landing | Add timeshare.html landing with complete system access menu | Force deploy | Update hamburger menu in root landing with absolute URLs to all system modules,Deploy,VTC Capacitacion,Victor IA,Completado,Alta,5.8,20880,fix|feat|deploy|docs|ui,0,Agregado de 16 commits git (00:02-05:35),Force deploy - rebuilt pages; Fix: navigation link in capacitacion.html mobile menu; docs: add post-sleep summary for easy verification; docs: add comprehensive wake-up guide with all next steps and verification; docs: add deployment success confirmation and next steps; fix: add .npmrc to enable leg,vscode|git|powershell
s392,2026-06-04,04:03,[2 commits] feat: health checks + firestore live | feat: health checks + Slack alerts for infrastructure monitoring,Feature,Influence IA,Victor IA,Completado,Normal,1.23,4428,feat,0,Agregado de 2 commits git (03:04-04:03),,vscode|git|powershell
s391,2026-06-04,03:42,"[29 commits] Update GSC data with current information and add manual update script | Fix Vercel environment variable configuration | Add Vercel Function for automated GSC data fetching with cron jobs (08:00 AM and 14:00 PM daily) | Fix template literal syntax error in keywords table | Add multi-browser verification: Google + Bing search links, direct URL access, and enhanced AI analysis with po...",Deploy,Victor IA Tracker,Victor IA,Completado,Alta,3.87,13932,fix|deploy|seo|ui,0,Agregado de 29 commits git (00:27-03:42),"Add Google Search Console real data integration: Python fetcher + 2x daily automation + live dashboard; Update dashboard styles to match tracker design: new color palette (#FFAA17), Space Grotesk font, grid borders, tracker UI consistency; Add 'Tareas Repetitivas' button to topbar; Restore tracker t",vscode|git|powershell
s390,2026-06-03,23:55,[14 commits] Split landing pages: product root + capacitación slug with hamburger menu | Agregar menú hamburguesa con 7 botones de navegación | Deploy forzado | Landing page brutal y específica: problemas reales de salas de venta | Landing page en formato PAS (Problem - Agitate - Solution) | Landing page de producto: Lenguaje timeshare con PNL - Vende membresías como nunca,Deploy,VTC Capacitacion,Victor IA,Completado,Alta,5.27,18972,feat|deploy,0,Agregado de 14 commits git (18:54-23:55),Landing page de producto: Software SaaS para salas de timeshare con IA 24/7; Menú sticky con 7 botones en la parte superior; Deploy forzado a Vercel; Estructura completa: raíz (timeshare) + /sistema.html (capacitación); Landing page profesional: sistema timeshare con 7 botones de acceso a herramient,vscode|git|powershell
s389,2026-06-03,22:26,[1 commits] Publish articles: Day 5 (agente-ia-ventas-b2b) and Day 6 (ia-para-clinicas-medicas-mexico),Deploy,Victor IA Website,Victor IA,Completado,Normal,0.25,900,,0,Agregado de 1 commits git (22:26-22:26),,vscode|git|powershell
s388,2026-06-03,17:24,[5 commits] chore: unify brand colors to Navy + Amber + Cyan | Fix: brain-tracker deployment — normalize rewrites | Add HTML landing | Fix vercel config | Initial deploy,Deploy,Victor IA Brain Tracker,Victor IA,Completado,Media,10.0,36000,fix|deploy,0,Agregado de 5 commits git (04:52-17:24),,vscode|git|powershell
s387,2026-06-03,12:00,Propuesta de redesign visual entregada: 5 secciones con mockups en Figma + documento tecnico por fases,Propuesta,Dashboard BI,Victor IA,Completado,Alta,2.0,7200,propuesta,0,Fuente: diario de memoria,,vscode|git|powershell
s386,2026-06-03,05:09,"[1 commits] Add SEO meta tags: description, OG tags, Twitter card",Desarrollo,Mayan Tours,Mayan Tours,Completado,Normal,0.25,900,seo,0,Agregado de 1 commits git (05:09-05:09),,vscode|git|powershell
s385,2026-06-02,22:29,"[14 commits] MAYAN TOURS - Complete investment proposal: real SEDETUR data, coloquial explanations, full financial models, risk mitigation | Complete landing page with real SEDETUR data - 28M tourists, 400B pesos market, coloquial explanations | Add tropical Caribbean luxury landing page with complete financial projections | Landing Page Premium Web 4.0 - Datos reales + Financiero + Animaciones...",UI/UX,Mayan Tours,Mayan Tours,Completado,Alta,3.6,12960,deploy|ui,0,Agregado de 14 commits git (19:08-22:29),"Propuesta integrada completa - 23 slides con financiero, roadmap, bots, marketing; Analisis financiero 24 meses detallado - LEAN vs GROWTH; Propuesta profesional 16 slides - Web 4.0 design; Initial commit - Mayan Tours proposal; Deploy: Complete business plan document - Mayan Tours 2026; Update: Com",vscode|git|powershell
s384,2026-06-02,22:12,"[53 commits] docs: Add specific Voice IDs + complete conversation examples (Spanish & English) | docs: Roleplay protocol v3 — Extended natural conversation, respected turns, real scenarios | fix: Victor icon — bigger font size, favicon added, overflow hidden | fix: Chat API + Avatar icon — correct ElevenLabs endpoint, simple CSS-based icon | docs: Mode 2 roleplay — detailed coordination for nat...",Bug Fix,VTC Capacitacion,Victor IA,Completado,Alta,10.0,36000,fix|feat|deploy|docs|chat|seo,0,Agregado de 53 commits git (00:07-22:12),"fix: Victor avatar — use base64 SVG data URL for reliable rendering; fix: Victor avatar SVG — gradient, proper scaling, better rendering; docs: Add speed requirement for roleplay + Reynolds voice for English male prospect; docs: Roleplay protocol v2 — Educational pauses, Saúl voice, full 19-step flo",vscode|git|powershell
s383,2026-06-02,22:03,"[12 commits] 🌌 Ecosistema Interactivo COMPLETO: Agentes, Skills, MCP, Automatizaciones, Softwares - Zoom/Pan funcional, Universe Mode ON | 🚀 SVG Graph FINAL: Nodos orbitando, animaciones CSS fluidas, premium minimalista, 100% funcional y visible | 🎨 Gráfico 2D Canvas: Nodos interactivos, animaciones fluidas, SIN dependencias externas - ¡VISIBLE! | 🎯 3D Graph: Ultra-simplificado, acceso a window...",UI/UX,Victor IA Tracker,Victor IA,Completado,Alta,3.45,12420,fix|ui,0,Agregado de 12 commits git (18:51-22:03),"✨ Graphify 3D: Mejorado significativamente con Three.js CDN, hover interactivo, animaciones suaves y tooltip de datos; 🐛 Fix: Graphify ahora usa datos reales del SEED array, muestra historial y métricas correctamente; ✨ Graphify: Nueva versión premium, moderna y funcional con filtros interactivos, t",vscode|git|powershell
s382,2026-06-02,18:07,"[10 commits] Configure custom domain tracker.victor-ia.xyz for Graphify Dashboard | fix: Correct icon import (Wave → Waves) | feat: Business Flow Module — Complete BI dashboard with 3D data pipeline visualization, real metrics, and multi-view analytics system | Arreglar tipos de Agent en ArchitectureModule | Arreglar errores de tipos en ArchitectureModule | Agregar módulo Arquitectura IA con vi...",Bug Fix,Dashboard BI,Victor IA,Completado,Alta,10.0,36000,fix|feat|ui,0,Agregado de 10 commits git (00:06-18:07),"Agregar controles de velocidad y múltiples vistas 3D (orbital, force, tree, sphere, flow); Arreglar tipos TypeScript en componentes 3D; Arreglar error de tipos en Sidebar; Agregar módulo Orquestador 3D interactivo con visualización de herramientas conectadas",vscode|git|powershell
s381,2026-06-02,13:58,[32 commits] Regenerar portadas con diseños visualmente DIFERENTES entre sí | Reemplazar rutas PNG antiguas (/img/blog-covers) por WebP (/blog/covers) | Cambiar loading lazy a eager para cargar imágenes inmediatamente | Remover TODAS las clases .rv para mostrar contenido sin retrasos | Remover clase .rv de blog-cards para mostrar imágenes inmediatamente sin delay | Regenerar portadas 1 y 5 con ...,Feature,Victor IA Website,Victor IA,Completado,Alta,10.0,36000,fix|ui,0,Agregado de 32 commits git (00:26-13:58),Recrear portadas 2 y 5 con patrones visibles (gradiente + líneas); Restaurar articulos completos desde backup (contenido + portadas); Crear portadas placeholder doradas (visibles inmediatamente); Actualizar converter.js para descargar guías HTML; Remover reveal-on-scroll de portadas + generar guías ,vscode|git|powershell
s380,2026-06-02,13:00,Script investor pitch 5min + voice-over ElevenLabs v3 (con emociones) + musica producidos para la plataforma,Video,Mayan Tours,Mayan Tours,Completado,Alta,3.0,10800,elevenlabs,0,Fuente: diario de memoria,,higgsfield|elevenlabs
s379,2026-06-02,11:00,"Plataforma de reserva de tours completada 100% (Next.js, 30 tours reales, calculadora ROI, modelo financiero, 25+ docs, scripts deploy)",Documentacion,Mayan Tours,Mayan Tours,Completado,Alta,1.5,5400,deploy,0,Fuente: diario de memoria,,vscode|git|powershell
s378,2026-06-01,23:45,[83 commits] feat: Add biometric voice recognition - speaker identification with SpeechBrain ECAPA-TDNN | feat: Real-time video state detection (play/pause/ended) + verificar_video() client tool | fix: Ensure video posters (thumbnails) always visible when not playing | fix: All client tools use instant scroll for perfect sync with Victor's voice narration | fix: Improve scrollAlSiguienteBloque ...,Bug Fix,VTC Capacitacion,Victor IA,Completado,Alta,10.0,36000,fix|feat|refactor|deploy|docs|chat,0,Agregado de 83 commits git (00:01-23:45),feat: Add iniciarCursoCompleto and scrollAlSiguienteBloque client tools for mandatory Hero-first course flow; docs: Update course execution rules with exact navigation sequence; fix: Implement PANTALLA FIJA - stay on same screen during full course; docs: Add final full course execution rules and REG,vscode|git|powershell
s377,2026-06-01,23:38,[1 commits] Agregar módulo Proyectos con visualización interactiva,Feature,Dashboard BI,Victor IA,Completado,Normal,0.25,900,,0,Agregado de 1 commits git (23:38-23:38),,vscode|git|powershell
s376,2026-06-01,23:06,[3 commits] Add auto-sort script: articles sorted by date (newest first) | Add today's news: IA Today 2026-06-01 | Add today's article: IA para Restaurantes en México,Desarrollo,Victor IA Website,Victor IA,Completado,Media,2.35,8460,,0,Agregado de 3 commits git (21:00-23:06),,vscode|git|powershell
s375,2026-06-01,18:07,[1 commits] feat: Complete Biometric Voice Recognition Engine with SpeechBrain ECAPA-TDNN,Feature,Victor Voice Recognition,Victor IA,Completado,Normal,0.25,900,feat,0,Agregado de 1 commits git (18:07-18:07),,vscode|git|powershell
s374,2026-05-31,23:09,[7 commits] Fix: Simplify vercel.json for proper static file serving | Fix: Show login form when clicking start button without user session | Fix: Make API_BASE global and accessible from all modules | Fix: Update API_BASE URLs for production Vercel deployment | Add: Vercel configuration for backend and frontend deployment | Deploy: VTC Capacitación - Plataforma de capacitación completa,Deploy,VTC Capacitacion,Victor IA,Completado,Media,2.2,7920,fix|deploy|ui,0,Agregado de 7 commits git (21:12-23:09),Arquitectura completa: sincronización API REST + base RAG + prompt optimizado,vscode|git|powershell
s373,2026-05-31,19:29,[1 commits] `@remotion/studio`: Add UV effect handles (#7875),Desarrollo,Remotion Video,Victor IA,Completado,Normal,0.25,900,,0,Agregado de 1 commits git (19:29-19:29),,vscode|git|powershell
s372,2026-05-31,16:00,[2 commits] feat: vi-track v2 (video tracking + user identity + revisitas) SW v140 | feat: heatmaps VTC+demo+victor-ia-website (screenshots reales),Feature,Victor IA Brain Tracker,Victor IA,Completado,Normal,0.58,2088,feat,0,Agregado de 2 commits git (15:40-16:00),,vscode|git|powershell
s371,2026-05-30,23:34,"[6 commits] fix: beacon text/plain (CORS cross-origin) + SW v138 | fix: SW no intercepta beacons cross-origin (tracking) ni cachea vi-track | fix: heatmap robusto (default sitio con clics, paint en cache, fallback canvas) | feat: heatmap & analytics page (screenshot + heatmap overlay + journey) | feat: hospedar vi-track.js (tracker universal de comportamiento) | feat(pipeline): sync CRM kanban ...",Bug Fix,Victor IA Brain Tracker,Victor IA,Completado,Media,5.65,20340,fix|feat,0,Agregado de 6 commits git (18:10-23:34),,vscode|git|powershell
s370,2026-05-29,14:00,"Limpieza masiva de clientes/casos inventados en ambos blogs (home 99 art + website 137 art), reescritura a lenguaje de sector generico",Auditoria,Victor IA Website,Victor IA,Completado,Alta,2.0,7200,blog,0,Fuente: diario de memoria,,vscode|git|powershell
s369,2026-05-29,12:00,"article-enhancer v6.0 (lectura de H1, prompt tono ejecutivo) desplegado + OpenRouter context-fallback configurado",Deploy,Victor IA Website,Victor IA,Completado,Alta,1.0,3600,,0,Fuente: diario de memoria,,vscode|git|powershell
s368,2026-05-28,14:00,"Curso VTC Victorious Travelers Club: 21 videos timeshare en ingles (1-2min c/u) con voz Burt Reynolds ElevenLabs, diseno dark luxury",Video,VTC Capacitacion,Victor IA,Completado,Alta,3.0,10800,video|voz|elevenlabs|timeshare,0,Fuente: diario de memoria,,higgsfield|elevenlabs
s367,2026-05-28,12:00,"Sitio completo migrado a victor-ia.xyz (106 URLs, 97 articulos), automatizacion blog diario 7pm + digest semanal en Task Scheduler",Deploy,Victor IA Website,Victor IA,Completado,Alta,1.0,3600,blog,0,Fuente: diario de memoria,,vscode|git|powershell
s366,2026-05-27,23:39,"[2 commits] feat: generate-article.py — --status, --force, retry logic | feat: blog automation setup — 83 topics, claude-sonnet-4-6, Windows fixes",Feature,Victor IA Marketing,Victor IA,Completado,Normal,0.35,1260,fix|feat,0,Agregado de 2 commits git (23:33-23:39),,vscode|git|powershell
s365,2026-05-27,23:26,"[10 commits] feat: batch improvements across all app modules | crm: detail panel, Perdido column, toasts, delete buttons | feat: Actividad IA - audit trail completo con drill-down de prompts | fix: centralizar dispatch de pantallas + renderCapacitacion + renderRrhh | feat: SVG icons + comprehensive responsive layout all devices | fix: JS syntax errors causing blank UI and broken buttons",UI/UX,Victor IA Brain Tracker,Victor IA,Completado,Alta,10.0,36000,fix|feat|chat|biblioteca|ui,0,Agregado de 10 commits git (00:23-23:26),fix: encoding 1146 chars + chat model IDs + URL hash routing + Biblioteca nav; feat: luxury UX redesign + neural SVG animated background; fix: chat proxy Gemini routing + SW cache refresh + luxury visual polish; Apply Victor IA brand identity v3.0,vscode|git|powershell
s364,2026-05-27,19:10,"[7 commits] SEO completo: schemas, title CTR-opt, FAQ, crm-agencias, sitemap | Google Search Console verification meta tag | Hero bug fix en 7 páginas + blog 13 artículos + animación filosófica + SEO completo | Google Search Console verification file | SEO: nueva landing /crm-agencias para keyword ""CRM agencias digitales"" | SEO: Brain Tracker — schemas, FAQ GEO-optimizado, meta tags CTR",Bug Fix,Victor IA Website,Victor IA,Completado,Media,10.0,36000,fix|seo,0,Agregado de 7 commits git (00:09-19:10),Apply brand identity manual v3.0 to main site,vscode|git|powershell
s363,2026-05-27,17:00,Propuesta (1120 lineas; opcion A 3250 MXN / opcion B kit completo 37875 MXN) desplegada en victor-ia-website.vercel.app/propuesta-rosa-laura.html,Propuesta,Rosa Laura Ubeda,Rosa Laura Ubeda,Completado,Alta,2.0,7200,propuesta|vercel,0,Fuente: diario de memoria,,vscode|git|powershell
s362,2026-05-27,16:00,"crm.html mejorado (slide-over contactos, kanban 5 etapas, toasts) desplegado en victor-ia-brain-tracker.vercel.app",Deploy,Victor IA Brain Tracker,Victor IA,Completado,Alta,1.0,3600,vercel|crm,1,Fuente: diario de memoria | posible solape con commits git mismo dia/proyecto,,vscode|git|powershell
s361,2026-05-27,14:00,"12 articulos del blog mejorados con 3-4 SVG ilustraciones c/u (800x450) + OG/Twitter meta tags, deploy prod (13 articulos live)",Contenido,Victor IA Website,Victor IA,Completado,Alta,2.0,7200,blog|deploy,0,Fuente: diario de memoria,,higgsfield|elevenlabs
s360,2026-05-27,13:00,"Mejoras masivas (Shelter Club, Photo Gallery lightbox, sticky mobile booking bar, fix ElevenLabs agent ID) desplegadas en seabird-resort-inclusive.vercel.app",Deploy,Seabird Hotel,Seabird Ocean Resort,Completado,Alta,1.0,3600,elevenlabs|seabird|vercel,0,Fuente: diario de memoria,,vscode|git|powershell
s359,2026-05-27,11:00,"Blog completo creado: 13 paginas (index + pillar + 12 articulos SEO ~1400 palabras) + sitemap.xml 23 URLs + robots.txt AI-crawlers, deploy Vercel",Contenido,Victor IA Website,Victor IA,Completado,Alta,2.0,7200,seo|blog|deploy|vercel,0,Fuente: diario de memoria,,higgsfield|elevenlabs
s358,2026-05-27,10:00,"Estrategia SEO aplicada a victor-ia.xyz: GSC verificado, sitemap enviado, indexacion forzada + 2 posts redes (Facebook/Instagram/LinkedIn)",Investigacion,Victor IA Website,Victor IA,Completado,Alta,1.5,5400,seo,0,Fuente: diario de memoria,,vscode|git|powershell
s357,2026-05-27,09:00,"Aplicacion de tokens de marca v3.0 (Electric Purple, noise overlay, cursor spotlight, SVG dividers) al sitio principal y Brain Tracker, deploy prod",Diseno,Victor IA Website,Victor IA,Completado,Alta,2.5,9000,deploy,0,Fuente: diario de memoria,,vscode|git|powershell
s356,2026-05-26,14:00,"Brandbook v3.0: migracion a estetica Manus iOS (#EBEBEB, pill buttons), tipografia unificada Inter, gold #B8860B, nueva seccion Brain Tracker app",Diseno,Brandbook,Victor IA,Completado,Alta,2.5,9000,brandbook,0,Fuente: diario de memoria,,vscode|git|powershell
s355,2026-05-26,12:00,"Manual de identidad Web 4.0 expandido a 1619 lineas (7 secciones nuevas: redes, assets, UI, merch, papeleria, chatbot, propuestas), deploy prod",Diseno,Brandbook,Victor IA,Completado,Alta,2.5,9000,deploy|propuesta,0,Fuente: diario de memoria,,vscode|git|powershell
s354,2026-05-25,13:10,[2 commits] feat(presentacion): per-slide ElevenLabs narration with perfect audio/visual sync | Rebrand + CRM Pipeline + nuevas pantallas + Gemini fixes,Feature,Victor IA Brain Tracker,Victor IA,Completado,Normal,0.5,1800,fix|feat,0,Agregado de 2 commits git (12:55-13:10),,vscode|git|powershell
s353,2026-05-25,12:00,"Video LATIVA_PRESENTATION.mp4 producido (55s, 1920x1080, HyperFrames) con VO Burt Reynolds ElevenLabs, aprobado para distribucion",Video,LATIVA,Victor IA,Completado,Alta,3.0,10800,video|elevenlabs,0,Fuente: diario de memoria,,higgsfield|elevenlabs
s352,2026-05-24,22:21,[3 commits] refactor: eliminar Higgsfield — todo via Google Cloud directo (Veo 3 + Nano Banana 2) | feat: smart model routing — agente usa su mejor modelo automaticamente | feat: Multi-Agentes Antigravity 2.0 — panel paralelo con fallback Gemini,Feature,Victor IA Brain Tracker,Victor IA,Completado,Media,3.57,12852,feat|refactor,0,Agregado de 3 commits git (19:02-22:21),,vscode|git|powershell
s351,2026-05-23,15:10,[18 commits] feat: brokerPlanIA Claude; CFO IA análisis real; patchRRHHTable dinámico desde EMPLOYEES_DATA | feat: chat IA real Claude; evalEmployee API; saveNewEmployee dinámico; patchRRHHTable desde EMPLOYEES_DATA; viewAuditPlan Claude | feat: generateImage real Unsplash photos; generateVideo 2.6s player; Manus real DOM audit; previewVoice TTS API | feat: wire generatePres+runFinalTest to Cla...,Feature,ROES & CO,ROES & CO,Completado,Alta,10.0,36000,fix|feat|chat|ui,0,Agregado de 18 commits git (04:03-15:10),"feat: hub con tabs, generador imagenes IA, presentaciones, solicitud videos; feat: onboarding con nombre, personalizacion de agentes, lead capture; fix: clean up api key handling, env var re-seeded without BOM; fix: encode fetch body as Uint8Array to handle non-latin1 chars in system prompts; debug:",vscode|git|powershell
s350,2026-05-23,12:00,"SPA ROES & CO OS con 18 vistas (recuperado de Google Stitch, Tailwind dark MD3, champagne gold) desplegado en roes-co-os.vercel.app",Deploy,ROES & CO,ROES & CO,Completado,Alta,1.0,3600,roes|vercel,1,Fuente: diario de memoria | posible solape con commits git mismo dia/proyecto,,vscode|git|powershell
s349,2026-05-23,05:22,[1 commits] feat: Victor IA App — chat + proyectos + skills,Feature,Victor IA App,Victor IA,Completado,Normal,0.25,900,feat|chat,0,Agregado de 1 commits git (05:22-05:22),,vscode|git|powershell
s348,2026-05-22,16:04,"[1 commits] feat: add propuesta-rosa-laura — video inmobiliario 2,450 + kit fraccionamiento 56,500",Feature,Victor IA Website,Victor IA,Completado,Normal,0.25,900,feat,0,Agregado de 1 commits git (16:04-16:04),,vscode|git|powershell
s347,2026-05-22,14:00,"Demo AI Operating System white-label (18 modulos, agente de voz ElevenLabs, model selector 7 LLMs, Google Drive KB) desplegado en roes-co-demo.vercel.app",Deploy,ROES & CO,ROES & CO,Completado,Alta,1.0,3600,voz|elevenlabs|roes|vercel,0,Fuente: diario de memoria,,vscode|git|powershell
s346,2026-05-22,12:00,"Hermes Agent v0.14.0 instalado (OpenRouter claude-sonnet-4-6, 203 skills, ElevenLabs TTS, Telegram bot activo, 8 MCPs)",Feature,Sistema de Skills,Victor IA,Completado,Alta,2.0,7200,elevenlabs,0,Fuente: diario de memoria,,vscode|git|powershell
s345,2026-05-22,11:00,Videollamada ~1h (meet.google.com): levantamiento de necesidades kit de ventas inmobiliario + pitch del workflow transparente,Reunion,Rosa Laura Ubeda,Rosa Laura Ubeda,Completado,Alta,1.0,3600,video,0,Fuente: diario de memoria,,vscode|git|powershell
s344,2026-05-21,16:00,"4 paginas nuevas awards-level (nosotros, prime-mystic, proteccion-patrimonial, contacto) + 6 paginas de proyectos con Lenis+GSAP",Diseno,ROES & CO,ROES & CO,Completado,Alta,2.5,9000,,0,Fuente: diario de memoria,,vscode|git|powershell
s343,2026-05-21,14:00,"Sitio ROES & CO 1.0 con design system oficial (Tailwind, Playfair+Montserrat) desplegado en roes-co-10.vercel.app",Deploy,ROES & CO,ROES & CO,Completado,Alta,1.0,3600,roes|vercel,0,Fuente: diario de memoria,,vscode|git|powershell
s342,2026-05-21,12:00,"Blog completo: 10 articulos SEO/GEO/AEO + 2 pillar pages (Riviera Maya, Yucatan) deployados en roes-co-website.vercel.app",Contenido,ROES & CO,ROES & CO,Completado,Alta,2.0,7200,seo|blog|deploy|roes|vercel,0,Fuente: diario de memoria,,higgsfield|elevenlabs
s341,2026-05-21,10:00,"Sitio Web 4.0 completo (Three.js particulas doradas, GSAP, 9 secciones, Schema.org, GEO/AEO) desplegado en roes-co-website.vercel.app",Deploy,ROES & CO,ROES & CO,Completado,Alta,1.0,3600,roes|vercel,0,Fuente: diario de memoria,,vscode|git|powershell
s340,2026-05-21,09:00,"Agendacion de videollamada para 22 mayo 10:00 AM hora Puebla, compartido link agenda victor-ia-website.vercel.app/agenda",Reunion,Rosa Laura Ubeda,Rosa Laura Ubeda,Completado,Alta,1.0,3600,video|vercel,0,Fuente: diario de memoria,,vscode|git|powershell
s339,2026-05-21,02:56,"[6 commits] Analytics: descuentos/creditos section + feed Sin costo badge + table price override | CRM personalized per project: ROES + Seabird Hotel contacts/deals/companies/activities + renderCrm project filter | Free SEO audit: price:0, sw:[] on s069-s071 + priceForEntry override support | Fill complete work entries: ROES (8 entries) + Seabird Hotel (6 entries) May 20-21 | Fix project names:...",Bug Fix,Victor IA Tracker,Victor IA,Completado,Media,1.0,3600,fix|seo,0,Agregado de 6 commits git (02:11-02:56),,vscode|git|powershell
s338,2026-05-20,14:00,"Propuesta comercial luxury entregada (3 sprints, 68000 MXN + 8500/mo monitoreo) live en victor-ia.xyz/auditoria-seo-roes-co",Propuesta,ROES & CO,ROES & CO,Completado,Alta,2.0,7200,seo|propuesta|auditoria|roes,0,Fuente: diario de memoria,,vscode|git|powershell
s337,2026-05-20,12:00,"Auditoria SEO integral 9 dimensiones de inversionesconplusvalia.com.mx (PageSpeed movil 36/100, sin schema, 6 hallazgos criticos) + entregables coloquial y tecnico",Auditoria,ROES & CO,ROES & CO,Completado,Alta,2.0,7200,seo|auditoria,0,Fuente: diario de memoria,,vscode|git|powershell
s336,2026-05-20,11:00,"Sitio web luxury Web 4.0 construido (paleta oceano, Cormorant Garamond+Inter, GSAP, accesibilidad) para Seabird Ocean Resort, Oceanside CA",Diseno,Seabird Hotel,Seabird Ocean Resort,Completado,Alta,2.5,9000,seabird,0,Fuente: diario de memoria,,vscode|git|powershell
s335,2026-05-20,10:00,Primer contacto via WhatsApp (referida por Iris Rodriguez): interes en publicidad con IA para vender propiedad en Puebla,Reunion,Rosa Laura Ubeda,Rosa Laura Ubeda,Completado,Alta,1.0,3600,,0,Fuente: diario de memoria,,vscode|git|powershell
s334,2026-05-19,11:45,"[1 commits] fix: accessibility panel - colorblind filter on body, voice control restart, text zoom, ElevenLabs key",Bug Fix,Victor IA Tracker,Victor IA,Completado,Normal,0.25,900,fix,0,Agregado de 1 commits git (11:45-11:45),,vscode|git|powershell
s333,2026-05-18,16:29,"[14 commits] feat: agregar servicio Telemetría IoT (#09) y marquee | fix: always show login on every page load | remove: mobile floating CTA bar | fix: eliminate all mobile horizontal overflow — svg !important, html/body/content overflow-x clip, section width 100% | fix: inicio link also shows login overlay | fix: mobile overflow (flow-diagram-mobile column), table nowrap, logo login, telemetry...",Bug Fix,Victor IA Website,Victor IA,Completado,Alta,3.37,12132,fix|feat,0,Agregado de 14 commits git (13:22-16:29),"fix: mobile responsive audit — hero overflow, 03A negative margins, spacing; alianza-fiscal: expand despacho positioning item with real billing support; alianza-fiscal: add real implementation messaging to cliente final card; alianza-fiscal: remove amounts from Canal A and Canal B SVG boxes; alianza",vscode|git|powershell
s332,2026-05-17,02:23,[1 commits] Estacion Pizza — Web 4.0 site,Desarrollo,Estacion Pizza,Estacion Pizza,Completado,Normal,0.25,900,,0,Agregado de 1 commits git (02:23-02:23),,vscode|git|powershell
s331,2026-05-16,03:50,"[1 commits] feat: panel Telemetría IoT — tab, KPIs, charts, benchmarks, proyectos",Feature,Victor IA Tracker,Victor IA,Completado,Normal,0.25,900,feat,0,Agregado de 1 commits git (03:50-03:50),,vscode|git|powershell
s330,2026-05-15,19:04,"[7 commits] feat: replace L-system with hex-grid WebGL2 ray-march — Victor IA gold palette, hover tilt + drag rotate + click flash | feat: L-System Bloom hero — 120k particles, click explosions, mouse trail bursts | feat: spectacular v4 — 10k particles, physics, click shockwave, drag orbit, gyroscope | redesign: full-canvas 3D hero, UMD Three.js, editorial layout — spectacular v3 | polish: SVG ...",Feature,Victor IA Website,Victor IA,Completado,Media,10.0,36000,fix|feat,0,Agregado de 7 commits git (00:20-19:04),Victor IA v2 — Three.js WebGL + GSAP + Lenis spectacular site,vscode|git|powershell
s329,2026-05-15,03:51,[1 commits] Add Browser Use Box editing note,Desarrollo,Victor IA Avatar Video,Victor IA,Completado,Normal,0.25,900,,0,Agregado de 1 commits git (03:51-03:51),,vscode|git|powershell
s328,2026-05-14,23:53,"[2 commits] Revert ""Add Browser Use Box editing note"" | Merge pull request #34 from browser-use/add-bux-video-use-note",UI/UX,Victor IA Avatar Video,Victor IA,Completado,Normal,0.48,1728,,0,Agregado de 2 commits git (23:39-23:53),,vscode|git|powershell
s327,2026-05-13,22:06,"[3 commits] refactor: star-wars — replace with correct implementation (proper starfield + music + flash) | fix: star-wars loop starts after init (no crash on empty array), clean perspective projection; add: fifa-26 effect | fix: star-wars starfield - stars born at center so perspective projection keeps them on screen",Bug Fix,Efectos Web,Victor IA,Completado,Media,0.6,2160,fix|refactor,0,Agregado de 3 commits git (21:45-22:06),,vscode|git|powershell
s326,2026-05-13,20:35,"[3 commits] Fix 9 mobile/UX issues: pills scroll, cards min-height, CTA separator, cardIn scale, count hide 430px, grid 375px, pill glow, hover border anim, agenda URLs unified | login: simplify to plain login/register, remove detection logic | feat: meta tags y OG image actualizados para victor-ia.xyz",Bug Fix,Victor IA Website,Victor IA,Completado,Media,10.0,36000,fix|feat,0,Agregado de 3 commits git (07:48-20:35),,vscode|git|powershell
s325,2026-05-12,23:00,"[43 commits] Fix 7 broken effects: replace Club GSAP plugins + WebGL float textures | Rework filters: 8 exclusive categories, number-based mapping, counts per category | Sort gallery cards in ascending numerical order (01-134) | Add modules 130-134: Spotlight, Glitch, Neon, Magnetic, Gradient Border + advanced filter system | Add modules 125-129: Count Up, Accordion, Tabs, Confetti Burst, SVG M...",Bug Fix,Efectos Web,Victor IA,Completado,Alta,10.0,36000,fix|ui,0,Agregado de 43 commits git (01:54-23:00),"Add modules 116-120: 3D Card Flip, Typewriter, Noise Texture, Split Text, Liquid Button; Add modules 111-115: Marquee, Glassmorphism, Pixel Reveal, Text Stroke, Cursor Trail; Add modules 108-110: Aurora Background, Tilt Cards, Cloth Simulation; Add modules 105/106/107: Magnetic Buttons (GSAP), Neon ",vscode|git|powershell
s324,2026-05-12,03:11,"[2 commits] Fix integration popups: specific content per tool, no cross-tool mixing | feat: integrar sistema biométrico MediaPipe eye-tracking",Bug Fix,Victor IA Website,Victor IA,Completado,Normal,3.35,12060,fix|feat,0,Agregado de 2 commits git (00:05-03:11),,vscode|git|powershell
s323,2026-05-12,00:24,"[1 commits] Vista Cliente: sort filter, web-4o polish, comentarios con desglose completo de actividad",UI/UX,Victor IA Tracker,Victor IA,Completado,Normal,0.25,900,,0,Agregado de 1 commits git (00:24-00:24),,vscode|git|powershell
s322,2026-05-11,19:07,"[4 commits] fix: comandos de voz para daltonismo + tour + animaciones; tour con pre-carga paralela sin latencia | Tour v2: pre-carga paralela de 21 audios, modelo turbo baja latencia, reproduccion instantanea sin gaps | Tour guiado v2: 21 pasos completos, ElevenLabs Enrique Mondragon, pulsante amber, navegacion automatica entre tabs | feat: auth wall Google/Apple/Email + brand alignment",Bug Fix,Victor IA Tracker,Victor IA,Completado,Media,10.0,36000,fix|feat|auth|ui,0,Agregado de 4 commits git (00:16-19:07),,vscode|git|powershell
s321,2026-05-11,12:00,"Deck de 14 slides enviado y tracking activado como primer cliente externo, victor-ia-website.vercel.app/propuesta-aldo.html",Propuesta,Propuesta Aldo,Aldo Rendon (Remi Creative),Completado,Alta,2.0,7200,propuesta|vercel,0,Fuente: diario de memoria,,vscode|git|powershell
s320,2026-05-11,11:35,"[3 commits] Fix logo contrast: OpenAI swirl clean, branded cards for Perplexity/Kling/LTX/Pinecone/Groq/Together/fal/Exa, Midjourney white, DaVinci transparent | Replace all logos with SVG sources — transparent backgrounds, brand colors | Add real logos + rebuild integrations with 12 categories + 150 tools",Bug Fix,Victor IA Website,Victor IA,Completado,Media,7.08,25488,fix|ui,0,Agregado de 3 commits git (04:45-11:35),,vscode|git|powershell
s319,2026-05-10,21:05,[3 commits] fix(render): preserve orientation for portrait video sources (#29) | fix(pack_transcripts): write output as UTF-8 to avoid cp1252 encoding errors (#10) | Add MIT license (#32),Bug Fix,Victor IA Avatar Video,Victor IA,Completado,Media,9.4,33840,fix,0,Agregado de 3 commits git (11:56-21:05),,vscode|git|powershell
s318,2026-05-10,18:40,"[8 commits] feat: fotos hiperealistas Higgsfield en modal de flota (8 autos) | feat: mobile menu, hero entrance stagger, testimonials stagger, grain fix, og:image | feat: marquee strip, moving border, scramble text, countup, cursor trail | feat: skill web-4o updates — gradient em, CTA shimmer, section glow, Lenis sync | feat: web 4.0 refinements — cursor states, word-reveal, magnetic footer, pa...",Feature,Costa Negra,Costa Negra,Completado,Media,1.78,6408,fix|feat,0,Agregado de 8 commits git (17:08-18:40),"Footer Web 4.0: CTAs funcionales, 3 columnas, contacto completo, i18n ES/EN; Costa Negra — Web 4.0 enhancement layer",vscode|git|powershell
s317,2026-05-10,12:00,"Sitio accesible v4 live en victor-ia-inclusivo.vercel.app (panel a11y, 5 modos daltonismo, control por voz 19 comandos, tour guiado)",Deploy,Victor IA Inclusivo,Victor IA,Completado,Alta,1.0,3600,voz|vercel,0,Fuente: diario de memoria,,vscode|git|powershell
s316,2026-05-09,12:00,Deck comercial de 14 slides interactivo con 3 planes CAD/MXN desplegado en victor-ia-website.vercel.app/propuesta-aldo.html,Propuesta,Propuesta Aldo,Aldo Rendon (Remi Creative),Completado,Alta,2.0,7200,propuesta|vercel,0,Fuente: diario de memoria,,vscode|git|powershell
s315,2026-05-08,15:21,[1 commits] feat: CRM + Prospección (Apollo.io clone) — 2 nuevos tabs completos,Feature,Victor IA Tracker,Victor IA,Completado,Normal,0.25,900,feat,0,Agregado de 1 commits git (15:21-15:21),,vscode|git|powershell
s314,2026-05-08,12:00,"Agente de voz IA ElevenLabs configurado y embebido en victor-ia-website + victor-ia-inclusivo (Knowledge Base con copy del sitio, webhook)",Voz,ElevenLabs Voz,Victor IA,Completado,Alta,1.0,3600,voz|elevenlabs,0,Fuente: diario de memoria,,higgsfield|elevenlabs
s313,2026-05-07,21:16,"[12 commits] fix: agenda redirect usa VIA_CONFIG.agendaUrl en vez de ruta relativa | feat: WhatsApp deep-link, agenda URL, whatsapp/agenda config | fix: audio quality - noise suppression, echo cancel, farewell false triggers | fix: contact form type mismatch + auto-send for returning visitors | fix: compact icon-only trigger on mobile, no overlap | fix: hide trigger label on mobile, icon only",Bug Fix,Victor IA Tracker,Victor IA,Completado,Alta,7.73,27828,fix|feat|ui,0,Agregado de 12 commits git (13:47-21:16),"feat: smart dynamic popup forms (agenda/cotizacion/contacto) with auto intent detection; feat: minimize chevron button in widget header + mobile full-screen layout; fix: widget full-screen on mobile, hide trigger when panel open; feat: auto-tracking hourly — loadAutoEntries() desde n8n, merge en reb",vscode|git|powershell
s312,2026-05-07,19:02,"[5 commits] feat: replace eye scrub with ciudad aerea 4K — 481 frames 750x1334 webp | remove: awards strip section | fix: footer padding-bottom 88px on mobile for chatbot clearance | fix: remove truncated Playa from og:description | feat: awards optimization v9.5 — Lenis scroll, frame scrub 241 frames, section reveals, sound, magnetic buttons, 3D tilt, loader, kinetic type, easter eggs, 404",Bug Fix,Victor IA Website,Victor IA,Completado,Media,6.13,22068,fix|feat|chat,0,Agregado de 5 commits git (13:09-19:02),,vscode|git|powershell
s311,2026-05-07,13:00,Header con kinetic typography luxury sobre video del ojo desplegado en influence-ia-awards-2027.vercel.app,Deploy,Influence IA,Victor IA,Completado,Alta,1.0,3600,video|vercel,0,Fuente: diario de memoria,,vscode|git|powershell
s310,2026-05-07,11:00,Sitio web completo con canvas water-trail reveal (481 frames) + 18 paginas de servicios desplegado en victor-ia-website.vercel.app,Deploy,Victor IA Website,Victor IA,Completado,Alta,1.0,3600,vercel,1,Fuente: diario de memoria | posible solape con commits git mismo dia/proyecto,,vscode|git|powershell
s309,2026-05-06,16:30,"[5 commits] Add client mode toggle, project phase field, project cost breakdown in Reportes | Add cost vs price vs margin breakdown: feed, dashboard KPIs, reportes timeline | Add Reportes tab: dept reports + daily timeline with costs | Add real SW cost calc from FINANZAS + offline Service Worker | Redesign flowchart: clean HTML layout, click popups with real data",Mantenimiento,Victor IA Tracker,Victor IA,Completado,Media,0.67,2412,,0,Agregado de 5 commits git (16:12-16:30),,vscode|git|powershell
s308,2026-05-05,13:00,"Dashboard BI Next.js construido y desplegado en victor-ia-dashboard.vercel.app, conectado a Google Sheets",Deploy,Dashboard BI,Victor IA,Completado,Alta,1.0,3600,vercel,0,Fuente: diario de memoria,,vscode|git|powershell
s307,2026-05-05,11:00,Landing page luxury completa desplegada en HubSpot (dominio victor-ia.com.mx),Deploy,Costa Negra,Costa Negra,Completado,Alta,1.0,3600,,0,Fuente: diario de memoria,,vscode|git|powershell
s306,2026-05-04,22:16,[3 commits] feat: add Gen Z v2 page (15th variant) — Y2K chrome + canvas particles | feat: add spectacular animations and effects to all 14 trend pages | 14 Victor IA design trend pages + gallery index,Feature,Victor IA Marketing,Victor IA,Completado,Media,0.97,3492,feat,0,Agregado de 3 commits git (21:33-22:16),,vscode|git|powershell
s305,2026-05-04,11:06,[1 commits] Initial commit — Victor IA Awards 2027 site,Desarrollo,Influence IA,Victor IA,Completado,Normal,0.25,900,,0,Agregado de 1 commits git (11:06-11:06),,vscode|git|powershell
s304,2026-05-04,00:08,[1 commits] docs: add HyperFrames animation option (#13),Documentacion,Victor IA Avatar Video,Victor IA,Completado,Normal,0.25,900,docs,0,Agregado de 1 commits git (00:08-00:08),,vscode|git|powershell
s303,2026-05-01,12:00,"Brandbook interactivo v2.0 (21 secciones, single-file HTML) live en victor-ia-brandbook.vercel.app",Deploy,Brandbook,Victor IA,Completado,Alta,1.0,3600,brandbook|vercel,0,Fuente: diario de memoria,,vscode|git|powershell
s302,2026-04-23,23:40,[3 commits] fix(subtitles): raise MarginV to 90 to clear vertical safe zones (#5) | fix(render): tone-map HLG/PQ sources to Rec.709 SDR (#6) | add install.md and one-paste setup prompt (#9),Bug Fix,Victor IA Avatar Video,Victor IA,Completado,Media,10.0,36000,fix,0,Agregado de 3 commits git (09:14-23:40),,vscode|git|powershell
s301,2026-04-15,16:00,"[3 commits] add what-it-does section to readme | trim readme — get started first, tighten how-it-works | rename to video-use + readme hero",Documentacion,Victor IA Avatar Video,Victor IA,Completado,Media,0.47,1692,,0,Agregado de 3 commits git (15:47-16:00),,vscode|git|powershell
s300,2026-04-11,19:56,[4 commits] poster | self eval loop | autograde + autosound | v1,Desarrollo,Victor IA Avatar Video,Victor IA,Completado,Media,1.62,5832,,0,Agregado de 4 commits git (18:34-19:56),,vscode|git|powershell
